term,estimate,std.error,statistic,p.value
airline_nameRwandair,46.43459724990897,8.795020967170542,5.279645997802266,1.386360969751449e-7
airline_nameTunisair,43.73568683468713,6.803991729832501,6.4279453255249335,1.498604934160094e-10
airline_nameUganda National Airlines Company Ltd,41.797390919068306,8.787249609604558,4.756595382630683,2.0615100708715075e-6
airline_nameIndigo,40.400242146829285,6.002255538409611,6.730843411830804,2.011793373087244e-11
airline_nameBh Air,32.26888255642046,8.789867744496387,3.6711454022303145,2.456609146545548e-4
airline_nameAscend Airways Ltd,29.45986066489186,6.969220205785215,4.22713873216934,2.4372332448167458e-5
airline_nameKenya Airways,23.329457225328266,6.8034499136306525,3.429062831577242,6.138121879416703e-4
airline_nameIsrair Ltd,22.364837367868102,8.801822621002593,2.540932523964063,0.011105526952495835
airline_nameBlue Islands Limited,20.284715381618387,4.4131723359277615,4.59640227880519,4.475415471671992e-6
airline_nameQantas,19.232639882492958,6.823424564898572,2.818619843975493,0.004854569978563754
airline_nameAir Algerie,19.174775998764552,6.805760410322253,2.817433298075303,0.004872495081571077
airline_nameAir India,18.37774711960344,4.654891334256612,3.9480507277058434,8.059411778272468e-5
airline_nameCroatia Airlines,17.709692909259402,6.010137934146568,2.946636683434813,0.0032371689801484332
airline_nameNorse Atlantic Uk Ltd,17.53054375753779,4.940861453186211,3.5480743436416082,3.9398770131436606e-4
airline_nameAtlantic Airways,17.07279546723386,6.8039544024619625,2.509246014502418,0.012151049395812834
airline_nameAvianca Colombia,15.664523203815687,8.79433877153298,1.7812053425234533,0.07497972311692036
airline_nameAsiana Airlines,14.429769182352532,8.794386606702945,1.640793136312018,0.10094484385267592
airline_nameFly One,13.969683483278517,6.009879759193434,2.3244530744411005,0.02016744287379916
airline_nameAmerican Airlines,13.364101010656997,4.615832331043354,2.8952743627141677,0.0038155532180289445
(Intercept),13.344367897739719,4.379455525850486,3.0470381121516827,0.002331142714121972
airline_nameEastern Airways,12.268487740013606,4.762167370337193,2.5762403514904006,0.010035372383804466
airline_nameHisky,11.857376933206462,8.793890517512105,1.3483653122123531,0.17764236359855065
airline_nameAir Malta,-11.430774979396773,8.79094863746172,-1.3002891326978874,0.19360144261653836
airline_nameBa Cityflyer Ltd,11.304706810450654,4.5008726368339165,2.511670007708285,0.012068090328087191
airline_nameNouvelair Tunisie,11.220475788818506,8.785826857250296,1.2771109619078225,0.2016615800387728
airline_nameChina Airlines,11.102192225360195,8.795092535952481,1.2623167044549877,0.20693264135044975
airline_nameSkyalps,11.019117026458192,8.785957827304614,1.254173676114568,0.20987627294245764
airline_nameEnter Air,10.869995109534793,4.953718722699344,2.1943101169078076,0.028289286341697747
airline_nameAir Portugal,10.54132158620643,5.5540200469518695,1.8979624663025239,0.05779661125031035
airline_nameFinist Air,-10.216685404016411,6.97198171318572,-1.465391882008836,0.14291847614810024
airline_nameUnited Airlines,10.148602716468522,4.659574461404412,2.178010631771232,0.0294826240067906
airline_nameEmerald Airlines (Ireland) Limited,10.119589211121314,4.8071892420990405,2.105094828075176,0.0353657221367837
airline_nameVietnam Airlines,9.91484725309318,6.824910057701439,1.4527440170299328,0.14639907595076762
airline_nameAir Serbia,9.899629767491751,8.7942602058093,1.1256921600923597,0.260385589557363
airline_nameRoyal Brunei Airlines,9.892537808115927,8.795707026387387,1.124700695286691,0.26080556590005555
airline_nameSaudi Arabian Airlines,9.611708157752064,4.923185994313545,1.9523349653768776,0.050991031578959393
airline_nameArkia,9.606500152672245,8.794132773509546,1.0923760648246958,0.27475526178137705
airline_nameCorendon Airlines Europe,9.451957302808662,6.804653779226785,1.3890430886672813,0.1649224036062165
airline_nameTui Airways Ltd,9.140666773177426,4.025513038536856,2.270683683215634,0.02323649715808024
airline_nameAir Dolomiti,9.12922621019479,6.072513346470128,1.5033686530308723,0.13284891267974258
airline_nameAurigny Air Services,9.090803655322802,4.612360484115216,1.9709655580111667,0.048819297715878326
airline_nameRoyal Air Maroc,9.007990044365682,5.267905676343127,1.7099755762177666,0.0873734491296428
airline_nameAir Astana,8.960773250319555,8.796293418401122,1.0186987659568467,0.30842786946694956
airline_nameEmerald Airlines Uk Ltd,8.39386483384924,4.616359731813155,1.8182865550974736,0.06911969464076323
airline_nameAir Peace,8.234622753618066,6.005059947725196,1.3712806908343123,0.17038969178309712
airline_nameEgypt Air,8.059856828888945,6.0040875611506195,1.3423949512395783,0.17956920437809334
airline_nameBa Euroflyer Ltd Dba British Airways,7.903124247259543,4.112954571371309,1.9215199463349641,0.05476051429689041
airline_nameUzbekistan Airlines,7.759915666812043,6.8063761479504,1.1400950370850107,0.254337419872429
airline_nameGulf Air,7.456881024998726,5.995310399429911,1.243785647146442,0.21367531930870814
airline_nameAer Lingus (Uk) Ltd,7.4500810122794805,6.016860480481616,1.2382007255190906,0.21573820498407248
airline_nameAir Arabia Maroc,7.02651350997372,8.78593030814266,0.7997461012707623,0.42392102491131034
airline_nameBritish Airways Plc,6.550849703761407,3.990849530191546,1.6414674755845757,0.10080488344641582
airline_nameTransavia,-6.537937590921849,8.793726850995837,-0.7434774472420037,0.45725069722629996
reporting_airportManchester,6.443208997053761,1.5806105734694125,4.0764050963616105,4.692083114925716e-5
airline_nameJet2.Com Ltd,6.265725724180905,3.9563050331108656,1.583731707171762,0.11335983932356343
airline_nameAzerbaijan Airlines (Azal),6.2440331426406805,6.803556194809178,0.9177602071405848,0.3588179496005345
airline_nameBiman Bangladesh Airlines,6.112499787032649,6.80908101555158,0.897698202308362,0.369418264825384
airline_nameDelta Airlines,5.952176058010863,4.544392968052787,1.3097846290703363,0.19036866012612047
airline_nameLot-Polish Airlines,5.910800740939085,6.89335410950732,0.8574636740026026,0.3912569479164022
airline_nameSrilankan Airlines,5.891110219295038,8.794290742780477,0.669878946648568,0.5029863460868942
airline_nameKlm,5.61865264036471,4.490116303926023,1.2513378852685684,0.21090847246433642
airline_nameAir Canada,5.598356177001171,4.603945471890825,1.2159909823393162,0.2240837106058422
airline_nameCorendon Airlines,5.587192849218588,4.818474274201359,1.159535681062579,0.24632987278122612
airline_nameWest Jet Airlines,5.579712371637096,5.072045242466021,1.1000912067819506,0.2713803566389715
airline_nameMalaysian Airlines System-Mas,5.429974750754327,8.794772255794532,0.617409364657138,0.5370114493392426
airline_nameSwiss Airlines,5.383044777825559,4.932452263075041,1.0913526357109848,0.2752050945472559
airline_nameAir Mauritius Ltd,5.361706381039935,8.78744737883777,0.6101551622320013,0.541805089381765
airline_nameWideroe Flyveselskap A/S,-5.2482931177344865,6.9737671215955155,-0.7525764807204717,0.451763304869789
airline_nameKlm Cityhopper,5.090333372930701,5.619213687887102,0.9058800137648321,0.3650718701172838
airline_nameAir France,5.055472111854297,5.07466466349089,0.9962179665240403,0.31922432941493756
airline_nameCathay Pacific Airways,4.922573089054321,6.802550677437861,0.7236363714835827,0.46934523759299396
airline_nameEdelweiss Air,4.876233139647037,6.809052941375542,0.7161397013109368,0.47396064545420835
airline_nameKorean Air,4.757320700454395,8.794333411162423,0.5409529611893096,0.5885800347670166
airline_nameEasyjet Uk Ltd,4.689571778887798,3.9477232762487553,1.1879180607978097,0.23495941899750775
airline_nameRyanair,4.582911101329978,3.952729794699164,1.1594293916765885,0.2463731669495796
airline_nameLoganair Ltd,4.493055342603668,4.081294899946036,1.1008896570211275,0.2710327125231435
airline_nameShenzhen Airlines,4.486636360247914,8.794769757305817,0.510148245384237,0.6099850125916154
reporting_airportLondon City,-4.477646420576003,2.709509219795356,-1.6525673313317575,0.09852324516128912
airline_nameWizz Air Malta,4.352455885732324,4.225523988791521,1.030039327022518,0.30307430381616374
airline_nameTransavia France,-4.320465523756704,8.791553206654475,-0.4914337003029761,0.6231555649832676
airline_nameRyanair Uk Ltd,4.304122772631621,3.9898075070330843,1.078779556418317,0.28077244954934005
airline_nameRiyadh Air,-4.1968027554813405,8.79894781280795,-0.47696643334699385,0.6334206499743991
airline_nameAer Lingus,4.191271861214629,4.169913233522881,1.0051220796442575,0.31491886236920025
airline_nameEl Al,4.179294091798487,6.808476297787156,0.6138369157805267,0.539369486669093
airline_nameWizz Air Uk Ltd,4.134080418373935,4.0758265260936914,1.0142925347551712,0.3105247078546275
reporting_airportBirmingham,4.129880899121686,1.62588549667266,2.5400810251234787,0.01113254271459739
airline_nameLufthansa City Airlines Gmbh,3.977313414398214,5.552170094013385,0.716352947955745,0.4738290138307538
airline_nameIberia,3.8313678636351245,8.79785885998463,0.43548867111989764,0.6632389856624116
airline_nameIberia Express,-3.8106243381502503,5.997322520193814,-0.6353875959345777,0.5252239552446868
airline_nameLufthansa,3.8034360980359323,4.5363390591155754,0.838437349693492,0.40185169524950015
airline_nameMiddle East Airlines (Air Liban S A L),3.6440738841250835,8.794332147751382,0.4143661875514714,0.6786354740473853
airline_nameAjet Hava Tasimaciligi Anonim Sirketi,3.5765009202026925,6.823124752995857,0.5241734615261642,0.6001964923928109
reporting_airportSouthend,-3.5201395561122637,2.1690869896896565,-1.622866935648307,0.10472257285111611
airline_nameItalia Traspoto Aereo,3.3287199796731306,6.182791577694209,0.5383846338411642,0.5903513417952349
airline_nameHainan Airlines,-3.312130574427871,5.996432998325372,-0.552350134713896,0.5807494984184238
airline_nameWizz Air,3.2850679395056037,4.2900330209673125,0.7657442083662307,0.4438885572404122
reporting_airportLiverpool (John Lennon),-3.277249448244629,1.7135490789879924,-1.9125506753387798,0.055900410823583324
airline_namePakistan Intl Airlines,-3.2304446298402167,8.803069933843004,-0.36696796164493917,0.7136687119148002
reporting_airportCardiff Wales,-3.225028827014167,2.7551895943919074,-1.170528820803694,0.2418808864004852
airline_nameSas,-3.1976934532436894,4.5403794474681405,-0.7042789022901653,0.48131358500890997
airline_nameAll Nippon Airways,3.1378457674569393,8.794356467205821,0.3568022036811874,0.7212648967261359
airline_nameSunexpress,3.0974930577405058,4.226363842884345,0.7328978698688128,0.46367779185541624
airline_nameChina Southern,-3.0834742982038503,5.276753389344072,-0.5843506547853172,0.5590282104658504
reporting_airportSouthampton,2.9630857068005363,2.179982316255442,1.359224652744079,0.1741772363091502
airline_nameBeijing Capital Airlines,2.947550323051413,8.796847416195185,0.33506893817720534,0.7375964320846982
airline_nameJapan Airlines,2.821338756561328,8.794435388658822,0.3208095382905065,0.7483770014771083
airline_nameTam Linhas Aereas,2.8067037004543773,8.79433341116232,0.3191491121876199,0.7496355891837243
airline_nameKm Malta Airlines,-2.767857843146363,6.802922810115356,-0.406863038197464,0.6841375125533657
airline_nameAeromexico,2.681928925877837,8.795390056312918,0.30492438751512496,0.7604448229921831
airline_nameAir Transat,2.6712033467049605,5.558367427122389,0.48057336650158516,0.6308546736928018
airline_nameEthiopian Airlines,2.6442791045964493,5.995248966455822,0.44106243450297494,0.6591994754482748
reporting_airportTeesside International Airport,-2.5730714421037817,3.1887808893121217,-0.80691384307023994,0.41977987559651675
airline_nameAustrian Airlines,-2.5711970826525405,5.9952246421021,-0.4288741850632313,0.6680454785442496
airline_nameBulgaria Air,2.534710720688399,8.794991595155947,0.2881993340487616,0.773214001342747
airline_nameEasyjet Europe,2.5069021683219463,4.05873876153057,0.6176554628454534,0.5368492004062876
reporting_airportStansted,2.472168525461087,1.6154993120507084,1.5302813854639938,0.12605217551794454
airline_nameEasyjet Switzerland,2.4652888452352117,4.5041204326759585,0.547340792077922,0.584185202623973
reporting_airportEdinburgh,2.435146304548007,1.6024719791681306,1.519618649314624,0.12871187578156104
airline_nameVolotea,-2.4280586271715436,6.815475283105317,-0.3562566844296813,0.7216733131420714
international_route,2.4117750386483507,0.7126693162777364,3.3841432254232915,7.231455411695585e-4
airline_nameBrussels Airlines,2.408814218792246,5.555570879717479,0.43358536340278736,0.6646206366215842
airline_nameLuxair,2.3523788068481095,6.8939840524610885,0.3412219681605344,0.7329603030746712
airline_nameThai Airways International,2.3506017841519804,8.794416931837427,0.2672834142809814,0.7892692672631818
airline_nameAir Baltic,2.3377955422423513,6.811629656010197,0.3432064954059287,0.7314670865063053
reporting_airportJersey,2.3226773833728616,2.13986996453917,1.0854292185334076,0.27781851987440903
reporting_airportGatwick,2.3198797780761717,1.6233090239431658,1.4291054530338112,0.15307769448336017
airline_nameEurowings Luftverkehrs,2.2488119638131674,4.421258479271609,0.508636166457215,0.6110445509243488
airline_nameVueling Airlines,2.078704822979508,4.293035394429349,0.4842039797008987,0.6282763404575469
airline_nameFly Play Hf,2.0719296184684937,6.822604685549506,0.30368601347472274,0.7613881043246641
airline_nameTurkmenistan Airlines,1.7365537007995953,8.786597533965821,0.19763664991900495,0.8433427029490876
reporting_airportLuton,1.6511811386730357,1.6586965827516553,0.9954690664002261,0.31958819918282
reporting_airportGlasgow,-1.6356528717716086,1.671774431781576,-0.9783932812206768,0.3279584772816797
reporting_airportEast Midlands International,-1.6106549459743802,1.7853826991538955,-0.9021342856843411,0.36705771957205924
reporting_airportBristol,1.5128148776855266,1.630319246139355,0.9279255466485584,0.3535205921948804
airline_nameTianjin Airlines,-1.4403859950216713,6.035040206479435,-0.23867048863654983,0.8113773495490609
airline_nameSky Express,1.4262898307799294,8.785330094672108,0.16234903132950093,0.8710419026964029
airline_nameIcelandair,-1.425030081071656,5.2666889989795385,-0.2705741845299327,0.7867371042103661
reporting_airportLeeds Bradford,-1.3866586706904986,1.7348771396148368,-0.7992834991176109,0.42418911117136915
airline_nameRoyal Jordanian,1.3238468475982688,5.998792276583783,0.22068556245327742,0.8253522411822153
airline_nameIsles Of Scilly Skybus,1.3089695051676529,6.104831278368657,0.2144153450736214,0.8302377003571628
airline_nameJetblue Airways Corporation,1.1887224551960802,5.266761118850978,0.2257027475465638,0.8214479441574865
reporting_airportNewcastle,1.1068262910657463,1.6886221152265648,0.6554612077416988,0.5122209461990818
reporting_airportBournemouth,1.0607456141835272,1.9584498000772332,0.5416251231671579,0.5881168683248659
airline_nameEva Air,-1.0339390554431231,8.79456073833086,-0.11756574162217416,0.9064195948496894
reporting_airportHeathrow,-1.016199442457595,1.7172619277805719,-0.5917556466013045,0.5540586684966264
log_flights,-1.0002531994238746,0.14017922071854502,-7.1355311742829945,1.2028780693049343e-12
airline_nameFinnair,-0.9761103438158971,6.0083818367650474,-0.16245810774593536,0.8709560199877852
airline_nameJuneyao Airlines,0.9383838254921839,8.783794725057588,0.10683125629236875,0.9149299698382247
airline_nameNorwegian Air Sweden Ab,-0.9178846867059394,4.455932825427619,-0.20599158978969873,0.8368114116792216
airline_nameVirgin Atlantic International,0.8825711923853152,4.541984007248577,0.19431402465900696,0.845943117659202
airline_nameHisky Europe,-0.8696025468385644,8.794031385399213,-0.09888554051357733,0.9212357342543158
airline_nameQatar Airways,-0.7778244437960965,5.269620300500827,-0.14760540597624686,0.8826640746322361
airline_nameScandinavian Airlines Ireland Ltd,-0.7685284121772491,6.024378355119419,-0.12756974527075746,0.8984979968162948
airline_nameSingapore Airlines,0.7300571858486775,5.551396104049176,0.13150875422421676,0.8953816508856259
airline_nameOman Air,0.6639751133274812,8.794280196750309,0.0755007912498439,0.9398212853978134
airline_namePegasus Airlines,0.6134437240746001,4.600136162108374,0.1333533839992774,0.8939228246514104
airline_nameAir Europa,-0.6005639278089483,8.786606420003547,-0.06834992932444399,0.9455116190410666
reporting_airportBelfast International,-0.5705080241396446,1.7261611405947415,-0.33050681696094636,0.7410400452213104
airline_nameNorwegian Air Shuttle Aoc As,-0.5625089623935362,4.371480557183833,-0.12867699056081633,0.897621839616615
airline_nameDan Air (Aoc) S.r.l,-0.557640163933888,6.836713161302219,-0.08156553460371765,0.9349976323116855
airline_nameEmirates,0.4746518146318381,4.81505925341324,0.09857652619650999,0.9214810724566893
airline_nameFreebird Airlines,-0.47430620569554227,6.844976115877779,-0.0692926019997834,0.9447613171115157
reporting_airportBelfast City (George Best),0.4534441280454284,2.2161779264208015,0.20460637326974698,0.8378935091758996
airline_nameThy Turkish Airlines,0.31167641424590115,5.270933115473069,0.05913116471369378,0.9528515614712394
airline_nameChina Eastern Airlines,0.29848704580756585,6.005754220457722,0.049700176672367556,0.9603646131989401
reporting_airportIsle Of Man,0.21933902391807736,2.727410884089725,0.08042023488194809,0.9359083802518968
airline_nameAir China,-0.15389291489236712,5.557364130906598,-0.02769170982273963,0.9779098715148464
flights_cancelled_percent,0.1456030191578928,0.07927449903508958,1.8366942829048214,0.06635359077144651
reporting_airportExeter,0.07552201623664402,2.432741755446633,0.03104399226410234,0.9752365139857261
airline_nameKuwait Airways,0.015505974532479878,6.8011163911343475,0.0022799160668229147,0.998181042829287
airline_nameEtihad Airways,-0.013295462037789134,6.803166225541874,-0.0019543050393025117,0.9984408206802704
airline_nameVirgin Atlantic Airways Ltd,-0.007882714720312269,4.175193071517302,-0.0018879880727162687,0.9984937294717402
