doc_id,category,url,title,published_date,year,month,n_paragraphs
https___www_norges_bank_no_en_news_events_news_Press_releases_2024_2024_12_19_rate_,Press release,https://www.norges-bank.no/en/news-events/news/Press-releases/2024/2024-12-19-rate/,Norges Bank,2024-12-19,2024,12,9
https___www_norges_bank_no_en_news_events_news_Press_releases_2024_2024_12_30_fx_,Press release,https://www.norges-bank.no/en/news-events/news/Press-releases/2024/2024-12-30-fx/,Norges Bank,2024-12-30,2024,12,4
https___www_norges_bank_no_en_news_events_news_Press_releases_2025_2025_01_22_,Press release,https://www.norges-bank.no/en/news-events/news/Press-releases/2025/2025-01-22/,Norges Bank,2025-01-22,2025,1,8
https___www_norges_bank_no_en_news_events_news_Press_releases_2025_2025_01_23_rate_,Press release,https://www.norges-bank.no/en/news-events/news/Press-releases/2025/2025-01-23-rate/,Norges Bank,2025-01-23,2025,1,9
https___www_norges_bank_no_en_news_events_news_Press_releases_2025_2025_01_31_fx_,Press release,https://www.norges-bank.no/en/news-events/news/Press-releases/2025/2025-01-31-fx/,Norges Bank,2025-01-31,2025,1,4
https___www_norges_bank_no_en_news_events_news_Press_releases_2025_2025_02_04_nbss_,Press release,https://www.norges-bank.no/en/news-events/news/Press-releases/2025/2025-02-04-nbss/,Norges Bank,2025-02-04,2025,2,20
https___www_norges_bank_no_en_news_events_news_Press_releases_2025_2025_02_25_annual_report_financial_statements_,Press release,https://www.norges-bank.no/en/news-events/news/Press-releases/2025/2025-02-25-annual-report-financial-statements/,Norges Bank,2025-02-25,2025,2,12
https___www_norges_bank_no_en_news_events_news_Press_releases_2025_2025_02_28_fx_,Press release,https://www.norges-bank.no/en/news-events/news/Press-releases/2025/2025-02-28-fx/,Norges Bank,2025-02-28,2025,2,7
https___www_norges_bank_no_en_news_events_news_Press_releases_2025_2025_03_20_regnet_,Press release,https://www.norges-bank.no/en/news-events/news/Press-releases/2025/2025-03-20-regnet/,Norges Bank,2025-03-20,2025,3,4
https___www_norges_bank_no_en_news_events_news_Press_releases_2025_2025_03_27_rate_,Press release,https://www.norges-bank.no/en/news-events/news/Press-releases/2025/2025-03-27-rate/,Norges Bank,2025-03-27,2025,3,10
https___www_norges_bank_no_en_news_events_news_Press_releases_2025_2025_03_31_fx_,Press release,https://www.norges-bank.no/en/news-events/news/Press-releases/2025/2025-03-31-fx/,Norges Bank,2025-03-31,2025,3,7
https___www_norges_bank_no_en_news_events_news_Press_releases_2025_2025_04_30_fx_,Press release,https://www.norges-bank.no/en/news-events/news/Press-releases/2025/2025-04-30-fx/,Norges Bank,2025-04-30,2025,4,7
https___www_norges_bank_no_en_news_events_news_Press_releases_2025_2025_05_08_rate_,Press release,https://www.norges-bank.no/en/news-events/news/Press-releases/2025/2025-05-08-rate/,Norges Bank,2025-05-08,2025,5,8
https___www_norges_bank_no_en_news_events_news_Press_releases_2025_2025_05_20_fsr_1_,Press release,https://www.norges-bank.no/en/news-events/news/Press-releases/2025/2025-05-20-fsr-1/,Norges Bank,2025-05-20,2025,5,11
https___www_norges_bank_no_en_news_events_news_Press_releases_2025_2025_05_30_fx_,Press release,https://www.norges-bank.no/en/news-events/news/Press-releases/2025/2025-05-30-fx/,Norges Bank,2025-05-30,2025,5,7
https___www_norges_bank_no_en_news_events_news_Press_releases_2025_2025_06_04_fi_,Press release,https://www.norges-bank.no/en/news-events/news/Press-releases/2025/2025-06-04-fi/,Norges Bank,2025-06-04,2025,6,15
https___www_norges_bank_no_en_news_events_news_Press_releases_2025_2025_06_12_regional_network_,Press release,https://www.norges-bank.no/en/news-events/news/Press-releases/2025/2025-06-12-regional-network/,Norges Bank,2025-06-12,2025,6,5
https___www_norges_bank_no_en_news_events_news_Press_releases_2025_2025_06_19_rate_,Press release,https://www.norges-bank.no/en/news-events/news/Press-releases/2025/2025-06-19-rate/,Norges Bank,2025-06-19,2025,6,11
https___www_norges_bank_no_en_news_events_news_Press_releases_2025_2025_06_30_fx_,Press release,https://www.norges-bank.no/en/news-events/news/Press-releases/2025/2025-06-30-fx/,Norges Bank,2025-06-30,2025,6,7
https___www_norges_bank_no_en_news_events_news_Press_releases_2025_2025_07_31_fx_,Press release,https://www.norges-bank.no/en/news-events/news/Press-releases/2025/2025-07-31-fx/,Norges Bank,2025-07-31,2025,7,7
https___www_norges_bank_no_en_news_events_news_Press_releases_2025_2025_08_14_rate_,Press release,https://www.norges-bank.no/en/news-events/news/Press-releases/2025/2025-08-14-rate/,Norges Bank,2025-08-14,2025,8,10
https___www_norges_bank_no_en_news_events_news_Press_releases_2025_2025_08_29_fx_,Press release,https://www.norges-bank.no/en/news-events/news/Press-releases/2025/2025-08-29-fx/,Norges Bank,2025-08-29,2025,8,7
https___www_norges_bank_no_en_news_events_news_Press_releases_2025_2025_09_11_regionalt_nettverk_,Press release,https://www.norges-bank.no/en/news-events/news/Press-releases/2025/2025-09-11-regionalt-nettverk/,Norges Bank,2025-09-11,2025,9,7
https___www_norges_bank_no_en_news_events_news_Press_releases_2025_2025_09_18_rate_,Press release,https://www.norges-bank.no/en/news-events/news/Press-releases/2025/2025-09-18-rate/,Norges Bank,2025-09-18,2025,9,10
https___www_norges_bank_no_en_news_events_news_Press_releases_2025_2025_09_30_fx_,Press release,https://www.norges-bank.no/en/news-events/news/Press-releases/2025/2025-09-30-fx/,Norges Bank,2025-09-30,2025,9,7
https___www_norges_bank_no_en_news_events_news_Press_releases_2025_2025_10_31_fx_,Press release,https://www.norges-bank.no/en/news-events/news/Press-releases/2025/2025-10-31-fx/,Norges Bank,2025-10-31,2025,10,7
https___www_norges_bank_no_en_news_events_news_Press_releases_2025_2025_11_06_rate_,Press release,https://www.norges-bank.no/en/news-events/news/Press-releases/2025/2025-11-06-rate/,Norges Bank,2025-11-06,2025,11,10
https___www_norges_bank_no_en_news_events_news_Press_releases_2025_2025_11_12_fs2_,Press release,https://www.norges-bank.no/en/news-events/news/Press-releases/2025/2025-11-12-fs2/,Norges Bank,2025-11-12,2025,11,11
https___www_norges_bank_no_en_news_events_news_Press_releases_2025_2025_11_28_fx_,Press release,https://www.norges-bank.no/en/news-events/news/Press-releases/2025/2025-11-28-fx/,Norges Bank,2025-11-28,2025,11,7
https___www_norges_bank_no_en_news_events_news_Press_releases_2025_2025_12_11_regional_network_,Press release,https://www.norges-bank.no/en/news-events/news/Press-releases/2025/2025-12-11-regional-network/,Norges Bank,2025-12-11,2025,12,5
https___www_norges_bank_no_en_news_events_news_Press_releases_2025_2025_12_12_transfers_to_government_,Press release,https://www.norges-bank.no/en/news-events/news/Press-releases/2025/2025-12-12-transfers-to-government/,Norges Bank,2025-12-12,2025,12,24
https___www_norges_bank_no_en_news_events_news_Press_releases_2025_2025_12_18_rate_,Press release,https://www.norges-bank.no/en/news-events/news/Press-releases/2025/2025-12-18-rate/,Norges Bank,2025-12-18,2025,12,9
https___www_norges_bank_no_en_news_events_news_Press_releases_2025_2025_12_30_fx_,Press release,https://www.norges-bank.no/en/news-events/news/Press-releases/2025/2025-12-30-fx/,Norges Bank,2025-12-30,2025,12,7
https___www_norges_bank_no_en_news_events_news_Press_releases_2026_2026_01_22_rate_,Press release,https://www.norges-bank.no/en/news-events/news/Press-releases/2026/2026-01-22-rate/,Norges Bank,2026-01-22,2026,1,10
https___www_norges_bank_no_en_news_events_news_Press_releases_2026_2026_01_30_fx_,Press release,https://www.norges-bank.no/en/news-events/news/Press-releases/2026/2026-01-30-fx/,Norges Bank,2026-01-30,2026,1,7
https___www_norges_bank_no_en_news_events_news_Press_releases_2026_2026_02_27_annual_report_,Press release,https://www.norges-bank.no/en/news-events/news/Press-releases/2026/2026-02-27-annual-report/,Norges Bank,2026-02-27,2026,2,11
https___www_norges_bank_no_en_news_events_news_Press_releases_2026_2026_02_27_fx_,Press release,https://www.norges-bank.no/en/news-events/news/Press-releases/2026/2026-02-27-fx/,Norges Bank,2026-02-27,2026,2,7
https___www_norges_bank_no_en_news_events_news_Press_releases_2026_2026_03_19_regional_network_,Press release,https://www.norges-bank.no/en/news-events/news/Press-releases/2026/2026-03-19-regional-network/,Norges Bank,2026-03-19,2026,3,5
https___www_norges_bank_no_en_news_events_news_Press_releases_2026_2026_03_26_rate_,Press release,https://www.norges-bank.no/en/news-events/news/Press-releases/2026/2026-03-26-rate/,Norges Bank,2026-03-26,2026,3,17
https___www_norges_bank_no_en_news_events_news_Press_releases_2026_2026_03_31_fx_,Press release,https://www.norges-bank.no/en/news-events/news/Press-releases/2026/2026-03-31-fx/,Norges Bank,2026-03-31,2026,3,7
https___www_norges_bank_no_en_news_events_news_Speeches_2024_2024_04_30_spu_bache_,Speech,https://www.norges-bank.no/en/news-events/news/Speeches/2024/2024-04-30-spu-bache/,Norges Bank,2024-04-30,2024,4,28
https___www_norges_bank_no_en_news_events_news_Speeches_2024_2024_04_30_spu_tangen_,Speech,https://www.norges-bank.no/en/news-events/news/Speeches/2024/2024-04-30-spu-tangen/,Norges Bank,2024-04-30,2024,4,41
https___www_norges_bank_no_en_news_events_news_Speeches_2024_2024_05_03_pc_,Speech,https://www.norges-bank.no/en/news-events/news/Speeches/2024/2024-05-03-pc/,Norges Bank,2024-05-03,2024,5,22
https___www_norges_bank_no_en_news_events_news_Speeches_2024_2024_05_07_storting_,Speech,https://www.norges-bank.no/en/news-events/news/Speeches/2024/2024-05-07-storting/,Norges Bank,2024-05-07,2024,5,32
https___www_norges_bank_no_en_news_events_news_Speeches_2024_2024_06_20_pc_,Speech,https://www.norges-bank.no/en/news-events/news/Speeches/2024/2024-06-20-pc/,Norges Bank,2024-06-20,2024,6,21
https___www_norges_bank_no_en_news_events_news_Speeches_2024_2024_07_24_spu_bache_,Speech,https://www.norges-bank.no/en/news-events/news/Speeches/2024/2024-07-24-spu-bache/,Norges Bank,2024-07-25,2024,7,2
https___www_norges_bank_no_en_news_events_news_Speeches_2024_2024_08_15_pc_,Speech,https://www.norges-bank.no/en/news-events/news/Speeches/2024/2024-08-15-pc/,Norges Bank,2024-08-15,2024,8,37
https___www_norges_bank_no_en_news_events_news_Speeches_2024_2024_08_23_jackson_hole_,Speech,https://www.norges-bank.no/en/news-events/news/Speeches/2024/2024-08-23-jackson-hole/,Norges Bank,2024-08-24,2024,8,35
https___www_norges_bank_no_en_news_events_news_Speeches_2024_2024_09_19_pc_,Speech,https://www.norges-bank.no/en/news-events/news/Speeches/2024/2024-09-19-pc/,Norges Bank,2024-09-19,2024,9,30
https___www_norges_bank_no_en_news_events_news_Speeches_2024_2024_10_17_cme_,Speech,https://www.norges-bank.no/en/news-events/news/Speeches/2024/2024-10-17-cme/,Norges Bank,2024-10-17,2024,10,68
https___www_norges_bank_no_en_news_events_news_Speeches_2024_2024_10_24_peterson_institute_,Speech,https://www.norges-bank.no/en/news-events/news/Speeches/2024/2024-10-24-peterson-institute/,Norges Bank,2024-10-24,2024,10,46
https___www_norges_bank_no_en_news_events_news_Speeches_2024_2024_11_07_pc_,Speech,https://www.norges-bank.no/en/news-events/news/Speeches/2024/2024-11-07-pc/,Norges Bank,2024-11-07,2024,11,15
https___www_norges_bank_no_en_news_events_news_Speeches_2024_2024_11_07_th_,Speech,https://www.norges-bank.no/en/news-events/news/Speeches/2024/2024-11-07-th/,Norges Bank,2024-11-07,2024,11,64
https___www_norges_bank_no_en_news_events_news_Speeches_2024_2024_12_19_pc_,Speech,https://www.norges-bank.no/en/news-events/news/Speeches/2024/2024-12-19-pc/,Norges Bank,2024-12-19,2024,12,23
https___www_norges_bank_no_en_news_events_news_Speeches_2025_2025_01_23_pc_,Speech,https://www.norges-bank.no/en/news-events/news/Speeches/2025/2025-01-23-pc/,Norges Bank,2025-01-23,2025,1,17
https___www_norges_bank_no_en_news_events_news_Speeches_2025_2025_01_30_bech_moen_,Speech,https://www.norges-bank.no/en/news-events/news/Speeches/2025/2025-01-30-bech-moen/,Norges Bank,2025-02-06,2025,2,44
https___www_norges_bank_no_en_news_events_news_Speeches_2025_2025_02_13_annual_address_,Speech,https://www.norges-bank.no/en/news-events/news/Speeches/2025/2025-02-13-annual-address/,Norges Bank,2025-02-13,2025,2,71
https___www_norges_bank_no_en_news_events_news_Speeches_2025_2025_02_27_cape_town_,Speech,https://www.norges-bank.no/en/news-events/news/Speeches/2025/2025-02-27-cape-town/,Norges Bank,2025-02-27,2025,2,2
https___www_norges_bank_no_en_news_events_news_Speeches_2025_2025_02_27_nb_watch_,Speech,https://www.norges-bank.no/en/news-events/news/Speeches/2025/2025-02-27-nb-watch/,Norges Bank,2025-02-27,2025,2,36
https___www_norges_bank_no_en_news_events_news_Speeches_2025_2025_03_27_pc_,Speech,https://www.norges-bank.no/en/news-events/news/Speeches/2025/2025-03-27-pc/,Norges Bank,2025-03-27,2025,3,26
https___www_norges_bank_no_en_news_events_news_Speeches_2025_2025_04_08_finance_norway_conference_,Speech,https://www.norges-bank.no/en/news-events/news/Speeches/2025/2025-04-08-finance-norway-conference/,Norges Bank,2025-04-08,2025,4,49
https___www_norges_bank_no_en_news_events_news_Speeches_2025_2025_05_08_pc_,Speech,https://www.norges-bank.no/en/news-events/news/Speeches/2025/2025-05-08-pc/,Norges Bank,2025-05-08,2025,5,20
https___www_norges_bank_no_en_news_events_news_Speeches_2025_2025_05_09_storting_,Speech,https://www.norges-bank.no/en/news-events/news/Speeches/2025/2025-05-09-storting/,Norges Bank,2025-05-09,2025,5,46
https___www_norges_bank_no_en_news_events_news_Speeches_2025_2025_05_13_hearing_bache_,Speech,https://www.norges-bank.no/en/news-events/news/Speeches/2025/2025-05-13-hearing-bache/,Norges Bank,2025-05-13,2025,5,24
https___www_norges_bank_no_en_news_events_news_Speeches_2025_2025_05_13_hearing_tangen_,Speech,https://www.norges-bank.no/en/news-events/news/Speeches/2025/2025-05-13-hearing-tangen/,Norges Bank,2025-05-13,2025,5,33
https___www_norges_bank_no_en_news_events_news_Speeches_2025_2025_06_19_pc_,Speech,https://www.norges-bank.no/en/news-events/news/Speeches/2025/2025-06-19-pc/,Norges Bank,2025-06-19,2025,6,27
https___www_norges_bank_no_en_news_events_news_Speeches_2025_2025_08_14_pc_,Speech,https://www.norges-bank.no/en/news-events/news/Speeches/2025/2025-08-14-pc/,Norges Bank,2025-08-14,2025,8,21
https___www_norges_bank_no_en_news_events_news_Speeches_2025_2025_09_18_pc_,Speech,https://www.norges-bank.no/en/news-events/news/Speeches/2025/2025-09-18-pc/,Norges Bank,2025-09-18,2025,9,24
https___www_norges_bank_no_en_news_events_news_Speeches_2025_2025_10_07_nhh_,Speech,https://www.norges-bank.no/en/news-events/news/Speeches/2025/2025-10-07-nhh/,Norges Bank,2025-10-07,2025,10,64
https___www_norges_bank_no_en_news_events_news_Speeches_2025_2025_11_04_speech_,Speech,https://www.norges-bank.no/en/news-events/news/Speeches/2025/2025-11-04-speech/,Norges Bank,2025-11-04,2025,11,42
https___www_norges_bank_no_en_news_events_news_Speeches_2025_2025_11_06_pc_,Speech,https://www.norges-bank.no/en/news-events/news/Speeches/2025/2025-11-06-pc/,Norges Bank,2025-11-06,2025,11,15
https___www_norges_bank_no_en_news_events_news_Speeches_2025_2025_11_11_iwb_,Speech,https://www.norges-bank.no/en/news-events/news/Speeches/2025/2025-11-11-iwb/,Norges Bank,2025-11-11,2025,11,16
https___www_norges_bank_no_en_news_events_news_Speeches_2025_2025_11_21_iwb_,Speech,https://www.norges-bank.no/en/news-events/news/Speeches/2025/2025-11-21-iwb/,Norges Bank,2025-11-21,2025,11,13
https___www_norges_bank_no_en_news_events_news_Speeches_2025_2025_11_26_fellesforbundet_,Speech,https://www.norges-bank.no/en/news-events/news/Speeches/2025/2025-11-26-fellesforbundet/,Norges Bank,2025-11-26,2025,11,49
https___www_norges_bank_no_en_news_events_news_Speeches_2025_2025_12_18_pc_,Speech,https://www.norges-bank.no/en/news-events/news/Speeches/2025/2025-12-18-pc/,Norges Bank,2025-12-18,2025,12,22
https___www_norges_bank_no_en_news_events_news_Speeches_2026_2026_01_22_pc_,Speech,https://www.norges-bank.no/en/news-events/news/Speeches/2026/2026-01-22-pc/,Norges Bank,2026-01-22,2026,1,17
https___www_norges_bank_no_en_news_events_news_Speeches_2026_2026_01_29_ocbm_,Speech,https://www.norges-bank.no/en/news-events/news/Speeches/2026/2026-01-29-ocbm/,Norges Bank,2026-02-02,2026,2,2
https___www_norges_bank_no_en_news_events_news_Speeches_2026_2026_02_12_annual_address_,Speech,https://www.norges-bank.no/en/news-events/news/Speeches/2026/2026-02-12-annual-address/,Norges Bank,2026-02-12,2026,2,80
https___www_norges_bank_no_en_news_events_news_Speeches_2026_2026_02_24_pal_longva_,Speech,https://www.norges-bank.no/en/news-events/news/Speeches/2026/2026-02-24-pal-longva/,Norges Bank,2026-02-25,2026,2,27
https___www_norges_bank_no_en_news_events_news_Speeches_2026_2026_03_26_pk_,Speech,https://www.norges-bank.no/en/news-events/news/Speeches/2026/2026-03-26-pk/,Norges Bank,2026-03-26,2026,3,14
